,model_id,mean_residual_deviance,rmse,mse,mae,rmsle
0,XGBoost_1_AutoML_20190426_201419,0.2025983143258484,0.4501092248841923,0.2025983143258484,0.19972798223528102,0.08021865070840352
